NodeID,TimeStep,PredRecovery,RPL_THEMES_or_SVI
12069030507,23,0.4384419322013855,0.8897
12069030505,23,0.4444496631622314,0.989
12073000600,23,0.4453551471233368,0.7799
12069030602,23,0.4455061554908752,0.9475
12119911302,23,0.4461043179035187,0.7815
12119911301,23,0.4464300572872162,0.8051
12069030601,23,0.4465801417827606,0.7657
12039020500,23,0.4483023285865783,0.7726
12039020701,23,0.4489099681377411,0.9371
12021000700,23,0.448915421962738,0.802
12097041501,23,0.4490237236022949,0.7807
12021010601,23,0.4490413963794708,0.9252
12021010508,23,0.4490445256233215,0.955
12105012510,23,0.4491714835166931,0.8858
12021010701,23,0.4491945803165436,0.9477
12071050402,23,0.449417382478714,0.7801
12021010411,23,0.4494630694389343,0.7586
12039020300,23,0.4495103657245636,0.7953
12021010422,23,0.4495627880096435,0.7531
12021010419,23,0.4496403932571411,0.8008
12021010420,23,0.4497050940990448,0.7706
12101032602,23,0.4498007595539093,0.8124
12021010804,23,0.4502215385437011,0.7866
12039020702,23,0.450580358505249,0.9799
12015021003,23,0.4514561593532562,0.8195
12097041101,23,0.4517749547958374,0.7564
12015010302,23,0.4518651366233825,0.8783
12061050401,23,0.4518961608409881,0.9637
12101032601,23,0.4519787430763244,0.9811
12127090203,23,0.4520133435726166,0.8389
12039020400,23,0.4525227546691894,0.8329
12083001206,23,0.4525636732578277,0.8775
12069030407,23,0.4525677263736725,0.8659
12015020700,23,0.4528579413890838,0.8531
12017451200,23,0.4528739750385284,0.8061
12091022600,23,0.4529609680175781,0.8481
12077950202,23,0.4530412554740906,0.8049
12091022001,23,0.4531037509441376,0.9943
12021011103,23,0.4531580507755279,0.8053
12101032500,23,0.4532379508018493,0.8968
12069030411,23,0.4534527659416199,0.7698
12055960105,23,0.4535183906555176,0.8757
12111380400,23,0.4536332190036773,0.9426
12073001401,23,0.4537734687328338,0.7846
12111380500,23,0.4538340270519256,0.988
12015020302,23,0.4539157450199127,0.8178
12013010302,23,0.4545569121837616,0.8477
12111380700,23,0.4547575116157532,0.8006
12055960401,23,0.4549610018730163,0.8024
12013010301,23,0.4551259279251098,0.7527
12119910402,23,0.455195665359497,0.8797
12083000302,23,0.4552716612815857,0.8623
12105014301,23,0.45546555519104,0.968
12105015500,23,0.4555728733539581,0.925
12105016001,23,0.4555756747722626,0.8337
12083000201,23,0.4556267559528351,0.9187
12071040308,23,0.4559797644615173,0.8288
12071040313,23,0.4561247229576111,0.8209
12105016003,23,0.45618337392807,0.7919
12109020300,23,0.4563261866569519,0.9189
12105015401,23,0.4563263356685638,0.8355
12057013914,23,0.4565572738647461,0.7929
12127090202,23,0.4566052854061126,0.831
12071040211,23,0.4567294418811798,0.7513
12061050908,23,0.4567729532718658,0.9185
12073002603,23,0.4569478631019592,0.7888
12113010601,23,0.4570302665233612,0.8821
12127090500,23,0.4571737945079803,0.83
12023110500,23,0.4572388529777527,0.8686
12023110400,23,0.4572729468345642,0.8243
12017450310,23,0.4572805762290954,0.7872
12037970200,23,0.4572831094264984,0.7763
12127090600,23,0.4573052823543548,0.7955
12127090307,23,0.4574961364269256,0.7966
12127090702,23,0.4575138390064239,0.8406
12023110202,23,0.4576959908008575,0.9065
12111380800,23,0.4576975703239441,0.7669
12049970201,23,0.457749992609024,0.9081
12083002703,23,0.4577556252479553,0.7576
12111380600,23,0.4577862024307251,0.869
12053040501,23,0.4578465223312378,0.9114
12053040502,23,0.4578642547130584,0.8087
12053040400,23,0.457947701215744,0.7606
12101032804,23,0.4579924941062927,0.8298
12071040316,23,0.4580015540122986,0.8629
12049970101,23,0.4581146538257599,0.8513
12101033009,23,0.4581315219402313,0.8314
12063210600,23,0.458131730556488,0.9097
12051000401,23,0.4581330120563507,0.8296
12125960202,23,0.4581707417964935,0.8105
12051000404,23,0.4581935703754425,0.8
12101033010,23,0.4582115411758423,0.8525
12101033006,23,0.4582540392875671,0.8418
12105015802,23,0.4583021104335785,0.7677
12075970600,23,0.4583094418048858,0.9205
12101033013,23,0.4583251476287842,0.9227
12133970103,23,0.4584335684776306,0.8351
12059960403,23,0.4585256278514862,0.9436
12049970301,23,0.458539217710495,0.8972
12023110300,23,0.4586448073387146,0.8647
12049970401,23,0.4586507380008697,0.9323
12071040305,23,0.4586909115314483,0.901
12073001901,23,0.4588070511817932,0.8353
12021011400,23,0.458836019039154,0.9418
12027010301,23,0.4589020907878876,0.9836
12027010302,23,0.4589801728725433,0.9341
12027010200,23,0.4590891003608703,0.9777
12057014013,23,0.4592486321926117,0.8181
12021011306,23,0.4593153297901153,0.8992
12105012411,23,0.4593500792980194,0.8107
12027010101,23,0.4593504965305328,0.8343
12021011303,23,0.4593893885612488,0.9467
12009060400,23,0.4593958556652069,0.887
12009060700,23,0.4593967199325561,0.8996
12083002607,23,0.4594157338142395,0.7769
12009064800,23,0.4594191610813141,0.8994
12009064701,23,0.4594195783138275,0.7742
12009064902,23,0.4594198167324066,0.9602
12009065124,23,0.4594199657440185,0.8862
12009065123,23,0.4594201743602752,0.8316
12009065128,23,0.45942023396492,0.9296
12009062301,23,0.4594221711158752,0.8339
12009062500,23,0.4594227969646454,0.8108
12001002219,23,0.4594237506389618,0.8278
12001000400,23,0.4594252109527588,0.7781
12001001902,23,0.4594290256500244,0.9909
12001000600,23,0.4594293236732483,0.9278
12005001600,23,0.4594306349754333,0.9759
12005001700,23,0.4594313502311706,0.986
12001000700,23,0.4594313502311706,0.8716
12005002200,23,0.4594319462776184,0.9974
12005002000,23,0.4594319462776184,0.8166
12005002400,23,0.459432452917099,0.9438
12005001302,23,0.459432452917099,0.7982
12001001400,23,0.4594335556030273,0.7542
12005000803,23,0.459438294172287,0.842
12049970102,23,0.4594466388225555,0.7684
12005002710,23,0.4594684243202209,0.7613
12027010404,23,0.4594708085060119,0.9028
12021011305,23,0.4594849050045013,0.8738
12021011304,23,0.4594863653182983,0.8884
12053041204,23,0.4595333337783813,0.8302
12021011204,23,0.4596364498138428,0.9976
12007000100,23,0.4596609473228454,0.8815
12005000301,23,0.4597067236900329,0.8191
12049970402,23,0.4597947597503662,0.77
12021011205,23,0.4598051607608795,0.9878
12005000201,23,0.459847092628479,0.7722
12017451605,23,0.4598725140094757,0.774
12063210800,23,0.4601123929023742,0.8095
12105012502,23,0.460160493850708,0.8217
12053041105,23,0.4601626098155975,0.7515
12073001902,23,0.4602346122264862,0.7964
12127090806,23,0.4602414965629577,0.9152
12027010102,23,0.4603584408760071,0.843
12083000904,23,0.460443377494812,0.7817
12083002506,23,0.4604833126068115,0.7686
12105012203,23,0.4608066976070404,0.8032
12105014130,23,0.4609144628047943,0.8256
12099000222,23,0.4609246850013733,0.9136
12085001200,23,0.4609902799129486,0.9274
12131950202,23,0.4610539972782135,0.8359
12131950304,23,0.4611100554466247,0.8132
12057013100,23,0.4611961841583252,0.7641
12073001101,23,0.461243599653244,0.9077
12111381103,23,0.4612553119659424,0.8507
12019031400,23,0.4613439738750458,0.8213
12055960601,23,0.4613493382930755,0.7905
12085001301,23,0.4614198803901672,0.8146
12105012802,23,0.4616233706474304,0.8239
12105012702,23,0.4619596898555755,0.8304
12105012602,23,0.4619741439819336,0.9722
12073001801,23,0.4623026847839355,0.8677
12083001500,23,0.4626731872558594,0.8886
12041950204,23,0.4626775085926056,0.7718
12057013001,23,0.4626799523830414,0.7655
12073001804,23,0.462818831205368,0.8836
12105015301,23,0.4628244638442993,0.8718
12075970200,23,0.4628883600234985,0.8154
12105012127,23,0.4629533290863037,0.768
12121970100,23,0.4630016386508941,0.7819
12057013002,23,0.4630104303359985,0.857
12071040212,23,0.4630549550056457,0.7901
12057012900,23,0.4631497859954834,0.8722
12105012209,23,0.4631977677345276,0.7771
12105012001,23,0.4633302986621856,0.811
12053040901,23,0.4633693099021911,0.784
12105012900,23,0.463370531797409,0.7647
12069030206,23,0.4633762538433075,0.9243
12071040304,23,0.463416188955307,0.8964
12057012702,23,0.4635385870933532,0.8128
12057013003,23,0.4635625779628753,0.8959
12105015701,23,0.4636107385158539,0.7803
12061050101,23,0.4636339545249939,0.801
12111380100,23,0.463746428489685,0.9807
12093910102,23,0.4638012945652008,0.7665
12009071402,23,0.4638145864009857,0.7992
12069030702,23,0.4638836681842804,0.7998
12085001000,23,0.4640913903713226,0.9039
12073002003,23,0.4641853868961334,0.9316
12105013602,23,0.4642606079578399,0.9201
12105013601,23,0.4643275737762451,0.9765
12057012701,23,0.4643914699554443,0.8527
12055960300,23,0.4644949436187744,0.9858
12086010626,23,0.4650821089744568,0.8807
12029970201,23,0.4651293456554413,0.7663
12105011400,23,0.4651640355587005,0.9795
12073001102,23,0.4652229845523834,0.8225
12111380200,23,0.4653489887714386,0.9824
12073001002,23,0.4653792977333069,0.8602
12083001204,23,0.4654678106307983,0.8276
12105011204,23,0.4654879570007324,0.8148
12079110302,23,0.4655395746231079,0.8292
12069030805,23,0.4655437171459198,0.7688
12057012501,23,0.4656195342540741,0.8047
12105012002,23,0.4657041728496551,0.8254
12055961604,23,0.4657480120658874,0.8832
12105011100,23,0.4657489359378814,0.8714
12105011203,23,0.4658309817314148,0.9507
12047960202,23,0.4658488929271698,0.9306
12127080600,23,0.4661255478858948,0.8795
12111380300,23,0.4661312997341156,0.9821
12073001001,23,0.4661993384361267,0.9373
12105013701,23,0.4662013947963714,0.7886
12069030209,23,0.4662372767925262,0.9775
12105013002,23,0.4663383364677429,0.8028
12105013901,23,0.4663437306880951,0.7822
12083001401,23,0.4664192497730255,0.9396
12083001600,23,0.466503232717514,0.8187
12079110200,23,0.4666590988636017,0.7892
12085000800,23,0.4668155312538147,0.828
12069030915,23,0.4668462574481964,0.9128
12069030804,23,0.466939628124237,0.8036
12127080809,23,0.4669904708862304,0.8282
12087971800,23,0.4671696722507477,0.8408
12061050303,23,0.4672567546367645,0.9231
12105014904,23,0.4672580063343048,0.8045
12121970301,23,0.4673070311546325,0.8736
12121970303,23,0.4673257768154144,0.815
12065250103,23,0.4673590660095215,0.8444
12105013801,23,0.4675877392292022,0.7609
12105011000,23,0.4676219224929809,0.9734
12105013400,23,0.4676311016082763,0.8211
12083002002,23,0.4677948653697967,0.859
12105011202,23,0.4678417146205902,0.9008
12083001800,23,0.4678970575332641,0.9813
12105013102,23,0.4679132401943207,0.7629
12083001700,23,0.4679603576660156,0.9089
12069030914,23,0.4679664671421051,0.8308
12067960201,23,0.4680086672306061,0.8473
12087971900,23,0.4680324196815491,0.7903
12033004000,23,0.4680494666099548,0.8596
12127080901,23,0.4680551588535309,0.9178
12127081001,23,0.468095064163208,0.7755
12105013200,23,0.4680961072444916,0.8462
12071001917,23,0.4682728946208954,0.9381
12105011300,23,0.4683535397052765,0.9481
12123950302,23,0.4684099555015564,0.7566
12101031009,23,0.4684984982013702,0.8517
12105010900,23,0.4685081243515014,0.9002
12111380901,23,0.4685774743556976,0.8939
12071010306,23,0.4687044024467468,0.8004
12105013300,23,0.4687994718551636,0.9398
12105013802,23,0.4688166677951813,0.7505
12127081702,23,0.4688898921012878,0.8673
12087972200,23,0.4689239263534546,0.8158
12127081002,23,0.4690279364585876,0.9331
12105015200,23,0.4690469205379486,0.7994
12127081800,23,0.4691523313522339,0.786
12127081600,23,0.4691577553749084,0.8331
12127081900,23,0.4693199694156647,0.8219
12099007620,23,0.4693250060081482,0.9276
12127081500,23,0.4693431556224823,0.8653
12083002303,23,0.469395637512207,0.8016
12099007619,23,0.4695135056972503,0.7852
12127081202,23,0.469533622264862,0.8335
12105016400,23,0.4695766866207123,0.9432
12105014502,23,0.4696441888809204,0.826
12127082000,23,0.4696778953075409,0.9365
12105014600,23,0.469684898853302,0.7984
12086011205,23,0.4698526263236999,0.8116
12086011302,23,0.4699466526508331,0.9939
12127082511,23,0.4699599146842956,0.7635
12055961702,23,0.4699868857860565,0.9112
12071010413,23,0.4699873030185699,0.8247
12129010102,23,0.4700961410999298,0.7692
12101031104,23,0.4701491594314575,0.8931
12117020500,23,0.4701620042324066,0.9314
12127082100,23,0.4704099595546722,0.8935
12071010602,23,0.4704789817333221,0.9024
12105010800,23,0.4706098735332489,0.9116
12101031013,23,0.4707493782043457,0.9349
12055961701,23,0.4708234071731567,0.8554
12111380902,23,0.4710665345191955,0.8635
12086011407,23,0.4711393117904663,0.9148
12105015000,23,0.4713479578495025,0.8381
12071020802,23,0.4715456366539001,0.9491
12086011406,23,0.4716271758079529,0.9483
12086011104,23,0.4716832935810089,0.9953
12101031005,23,0.4721363484859466,0.8136
12127082415,23,0.4722010493278503,0.8483
12086011203,23,0.4722118973731994,0.9716
12127082401,23,0.4722707569599151,0.914
12111381402,23,0.4723706841468811,0.8091
12086011409,23,0.4725276827812195,0.941
12105010300,23,0.4725784659385681,0.7862
12071030202,23,0.4726545214653015,0.8391
12115001703,23,0.4728864133358001,0.758
12086011405,23,0.4729551076889038,0.9471
12105011501,23,0.4730522930622101,0.8373
12086980700,23,0.4731068313121795,0.997
12069031205,23,0.473133772611618,0.7572
12086011301,23,0.4731606245040893,0.9996
12101031006,23,0.4732232093811035,0.8201
12107951401,23,0.4733810126781463,0.9728
12107951300,23,0.4733977019786834,0.932
12119910702,23,0.4734711647033691,0.7675
12111381401,23,0.4734896719455719,0.8874
12105011901,23,0.4735018908977508,0.7673
12086011003,23,0.4735820293426513,0.8073
12086011010,23,0.4735909104347229,0.9572
12051000403,23,0.4736163318157196,0.8653
12099008001,23,0.4737149178981781,0.999
12099008002,23,0.4737443327903747,0.9899
12051000200,23,0.4738130569458008,0.9108
12051000101,23,0.4738458096981048,0.929
12107951402,23,0.4738525152206421,0.8811
12071020600,23,0.4738548994064331,0.8542
12099008301,23,0.47389817237854,0.8753
12086010622,23,0.4739415347576141,0.9045
12037970101,23,0.4740038216114044,0.7787
12099008302,23,0.4740352928638458,0.9838
12099008203,23,0.4741373062133789,0.9947
12097041005,23,0.4742367565631866,0.872
12086011103,23,0.4742998778820038,0.8464
12099008202,23,0.4743533432483673,0.9915
12099008101,23,0.4743971824645996,0.9387
12101031807,23,0.4744064807891845,0.8734
12051000602,23,0.4744070768356323,0.8594
12099008201,23,0.4744398593902588,0.9986
12086011011,23,0.4744854271411896,0.8789
12033002704,23,0.4746159017086029,0.8533
12093910401,23,0.4746190011501312,0.7584
12101031007,23,0.4746623039245605,0.8185
12107951200,23,0.4748444557189941,0.8698
12087970400,23,0.475334495306015,0.7562
12105011731,23,0.4753631353378296,0.7633
12127090102,23,0.4754146635532379,0.832
12085001804,23,0.4754445254802704,0.884
12086011012,23,0.4754460155963897,0.9258
12086011408,23,0.4754985868930816,0.926
12087970700,23,0.4755707681179046,0.7708
12057012401,23,0.4755736291408539,0.9168
12086010609,23,0.475630521774292,0.9513
12107950900,23,0.4757607579231262,0.9138
12105011732,23,0.4758535325527191,0.8233
12105011704,23,0.4759624004364013,0.8586
12071001502,23,0.4760038256645202,0.9611
12107950600,23,0.4764447212219238,0.8176
12057012402,23,0.4764645397663116,0.7933
12055960200,23,0.4765115678310394,0.8986
12115001804,23,0.4765288531780243,0.7604
12093910402,23,0.4765521287918091,0.8582
12051000601,23,0.4768946766853332,0.8679
12117020401,23,0.4769584536552429,0.9256
12071000303,23,0.4769614934921264,0.7917
12086010900,23,0.4769656658172607,0.9677
12115001704,23,0.4769898056983948,0.7809
12071001401,23,0.4770489335060119,0.9706
12117020302,23,0.477321594953537,0.8773
12086010501,23,0.4773233234882355,0.9978
12043000201,23,0.4773350656032562,0.9394
12071040122,23,0.4774138331413269,0.7996
12071001002,23,0.4774908125400543,0.9424
12085001803,23,0.4775586426258087,0.8172
12071001300,23,0.4776066541671753,0.9619
12097043203,23,0.4776278734207153,0.803
12009071347,23,0.4776643812656402,0.8168
12093910500,23,0.477847546339035,0.8479
12071000700,23,0.4778505563735962,0.9769
12071000306,23,0.4778896272182464,0.9233
12117020902,23,0.4781354963779449,0.8203
12086010705,23,0.4781362116336822,0.8347
12071000305,23,0.4781577289104461,0.9282
12086010610,23,0.4782210886478424,0.7785
12071001101,23,0.4782219529151916,0.9966
12071000503,23,0.4783039689064026,0.8657
12071000502,23,0.4783554673194885,0.9726
12071001103,23,0.478398859500885,0.8103
12071001104,23,0.4784254133701324,0.9345
12055960900,23,0.4784748554229736,0.9181
12086010805,23,0.4786809682846069,0.9834
12087971300,23,0.4787780046463012,0.7943
12087971200,23,0.4789274632930755,0.8436
12033002703,23,0.4789493381977081,0.8793
12071000504,23,0.4789676666259765,0.9284
12071000600,23,0.4793146252632141,0.8856
12086010624,23,0.4793650209903717,0.757
12071001203,23,0.4795223176479339,0.8998
12107950800,23,0.4796167314052582,0.8923
12087971100,23,0.4796407520771026,0.76
12093910300,23,0.4799024164676666,0.9704
12111381802,23,0.4799496531486511,0.9221
12033003312,23,0.4799712896347046,0.7836
12055961201,23,0.4800044596195221,0.7937
12086018200,23,0.480130523443222,0.8069
12107950700,23,0.480315089225769,0.9907
12093910202,23,0.4805032312870025,0.9663
12099007622,23,0.4805571734905243,0.7734
12033003313,23,0.4806166887283325,0.7821
12086010806,23,0.4806328415870666,0.8901
12009069906,23,0.4806900024414062,0.9667
12055961100,23,0.4807748794555664,0.9462
12117020901,23,0.4808098077774048,0.8917
12101030906,23,0.4808771312236786,0.7558
12055960800,23,0.4809491336345672,0.9107
12033002900,23,0.4810747504234314,0.7773
12033002803,23,0.4811256229877472,0.8323
12033003400,23,0.4811354577541351,0.7714
12033002100,23,0.4816679060459137,0.8813
12086010804,23,0.4818993508815765,0.9803
12033003203,23,0.481958657503128,0.8544
12081001106,23,0.4820905029773712,0.9162
12086010706,23,0.4823273718357086,0.8645
12033003100,23,0.482473075389862,0.9053
12033002000,23,0.4825161099433899,0.9797
12081001501,23,0.4825323224067688,0.775
12099003000,23,0.4825601875782013,0.8621
12086010710,23,0.4825777113437652,0.7517
12101031703,23,0.4826754033565521,0.7949
12051000300,23,0.4827251136302948,0.954
12086010707,23,0.4827880263328552,0.875
12033001900,23,0.4829093217849731,0.9732
12033003201,23,0.4830199778079986,0.7556
12097042902,23,0.4832231104373932,0.8458
12086010708,23,0.4832784533500671,0.8509
12033000400,23,0.4836751222610473,0.9649
12033001800,23,0.4837406277656555,0.8769
12101031412,23,0.484035313129425,0.8262
12033001700,23,0.4840408563613891,0.9815
12101031401,23,0.4842438101768493,0.8114
12033001600,23,0.4842654466629028,0.9592
12101030800,23,0.4843005239963531,0.9353
12101031404,23,0.4843812882900238,0.7525
12081001300,23,0.4847386479377746,0.8888
12101031406,23,0.4847388863563537,0.7957
12101031410,23,0.4848283231258392,0.8572
12086010803,23,0.4849475920200348,0.873
12086009320,23,0.485128104686737,0.8801
12086009324,23,0.4851721525192261,0.917
12033001500,23,0.4851742386817932,0.8079
12081001502,23,0.4855853319168091,0.9763
12086009321,23,0.4856570065021515,0.8292
12101030406,23,0.4857275485992431,0.7682
12057011613,23,0.4857771098613739,0.8978
12033003509,23,0.4858328700065613,0.8138
12086000505,23,0.4860762059688568,0.9789
12097041700,23,0.4860858917236328,0.9022
12057011615,23,0.4861099421977997,0.7897
12086981100,23,0.4861545264720917,0.8627
12033003607,23,0.4861598312854767,0.7724
12097041600,23,0.4861862063407898,0.9568
12095016504,23,0.4861864745616913,0.7696
12033001300,23,0.4864221513271332,0.773
12101030601,23,0.4865169525146484,0.7986
12086000402,23,0.4866473376750946,0.902
12086010021,23,0.4866690933704376,0.9016
12086009401,23,0.4867482781410217,0.8465
12086010022,23,0.4867810308933258,0.8183
12086010010,23,0.4868182241916656,0.8284
12086000509,23,0.48684161901474,0.9479
12086000508,23,0.4869526028633117,0.9219
12057002600,23,0.4871305823326111,0.9195
12086000417,23,0.487214058637619,0.9643
12086009402,23,0.4872268438339233,0.8412
12086000418,23,0.4873336851596832,0.9018
12101030408,23,0.487438827753067,0.7704
12097041800,23,0.4874437153339386,0.9554
12086010301,23,0.4876856803894043,0.812
12086000506,23,0.4878228604793548,0.8643
12086009317,23,0.4878564774990082,0.8955
12057011614,23,0.4878897666931152,0.9037
12057013801,23,0.4880845844745636,0.9225
12101030410,23,0.4881048500537872,0.7511
12101030501,23,0.4882277548313141,0.7854
12086000419,23,0.4883178472518921,0.7895
12101030502,23,0.4888258874416351,0.8014
12033003507,23,0.4889868199825287,0.7732
12103020301,23,0.4892662167549133,0.7507
12033003512,23,0.4893183708190918,0.787
12097042901,23,0.4893240928649902,0.8726
12086002702,23,0.489650160074234,0.8607
12086010024,23,0.4900389313697815,0.9647
12033001202,23,0.4901100397109985,0.8592
12086002705,23,0.4904176592826843,0.7824
12086000420,23,0.4904613792896271,0.9446
12057013803,23,0.4905681908130646,0.8432
12115000503,23,0.4907585084438324,0.7667
12086010213,23,0.4907757937908172,0.9505
12099002900,23,0.4908032417297363,0.9854
12086007005,23,0.4909614622592926,0.8456
12086007006,23,0.4909717142581939,0.8442
12086000507,23,0.4909793436527252,0.9746
12097042905,23,0.4909955561161041,0.8669
12086007003,23,0.4910014867782593,0.7651
12097042202,23,0.4910967946052551,0.9361
12086003400,23,0.491097092628479,0.9546
12086003605,23,0.4912101030349731,0.8919
12086006503,23,0.4912504255771637,0.8057
12086007603,23,0.4912646412849426,0.9069
12086000504,23,0.4912944436073303,0.9067
12086006302,23,0.4913369715213775,0.8578
12057011605,23,0.4913382530212402,0.8002
12086006607,23,0.4913555085659027,0.8732
12086010209,23,0.4913594722747803,0.8229
12095017302,23,0.4913736581802368,0.8448
12057011616,23,0.4914250671863556,0.7761
12097041900,23,0.4914740025997162,0.9913
12086006403,23,0.4915612041950226,0.8671
12086003604,23,0.4916112124919891,0.8207
12097042000,23,0.4916159510612488,0.8667
12086003606,23,0.4916224479675293,0.9724
12086006402,23,0.4916447103023529,0.8929
12086005306,23,0.4916464984416961,0.9329
12086003909,23,0.4916849732398987,0.944
12086003607,23,0.4916875660419464,0.97
12086006401,23,0.4916952550411224,0.9527
12086003911,23,0.4917004406452179,0.8675
12086008909,23,0.4917851686477661,0.798
12086003914,23,0.4917891025543213,0.8122
12086005305,23,0.4918185174465179,0.9951
12086000134,23,0.4918206334114074,0.8779
12086005304,23,0.4919186532497406,0.9959
12086003603,23,0.4919186532497406,0.9576
12086010207,23,0.4919206798076629,0.984
12086006303,23,0.4919461607933044,0.9237
12086000132,23,0.4919504821300506,0.7631
12086006205,23,0.4919740259647369,0.8552
12086008908,23,0.4919764697551727,0.7976
12099003802,23,0.4919948577880859,0.8093
12086019902,23,0.4920037090778351,0.7795
12011100203,23,0.4920248687267303,0.9241
12086006304,23,0.4920364916324615,0.7736
12011091901,23,0.49210125207901,0.7803
12086009052,23,0.4921191036701202,0.9485
12011100201,23,0.4921813011169433,0.8913
12086000109,23,0.4922109842300415,0.8357
12086005410,23,0.4922287762165069,0.9937
12011090301,23,0.4922416508197784,0.9779
12086002800,23,0.4922466874122619,0.9941
12011091904,23,0.4922473728656769,0.8075
12011100302,23,0.4923020303249359,0.9862
12086003917,23,0.4923028945922851,0.7509
12011091903,23,0.4923195838928222,0.789
12086017600,23,0.4923209249973297,0.7702
12011090303,23,0.4923284947872162,0.7592
12086006201,23,0.4923447966575622,0.8966
12057013925,23,0.4923860132694244,0.7659
12086005303,23,0.4924063980579376,0.9087
12086020200,23,0.4924155473709106,0.9036
12011090404,23,0.4924187362194061,0.8538
12086008503,23,0.4924199283123016,0.7637
12011090403,23,0.4924291372299194,0.9444
12031010503,23,0.4924322068691253,0.8864
12086005904,23,0.4924958050251007,0.7643
12086005202,23,0.4925339519977569,0.9955
12011091803,23,0.4925359189510345,0.9
12011080500,23,0.4925685524940491,0.9298
12086008805,23,0.4926128685474396,0.8945
12086003100,23,0.4926221370697021,0.9903
12011110600,23,0.4926577806472778,0.7712
12011090401,23,0.492663562297821,0.9049
12086005903,23,0.4926638007164001,0.9211
12086005407,23,0.4926656484603882,0.969
12103020500,23,0.4926819503307342,0.86
12011080102,23,0.4927034378051758,0.9495
12031010800,23,0.4927604496479034,0.8933
12011061100,23,0.492781400680542,0.797
12086005504,23,0.4927898049354553,0.772
12086005409,23,0.4927995204925537,0.9927
12086008309,23,0.4928144216537475,0.9183
12086010016,23,0.4928359985351562,0.7598
12086009061,23,0.4928917288780212,0.9154
12086010211,23,0.4929139018058777,0.7884
12011100400,23,0.4929288625717163,0.9892
12086010205,23,0.4929453134536743,0.8081
12011060606,23,0.4929650723934173,0.8383
12086008907,23,0.4929696917533874,0.8866
12081000603,23,0.492978036403656,0.9665
12086010208,23,0.4929980337619781,0.9653
12086010019,23,0.4930052161216736,0.9568
12086009062,23,0.4930185377597809,0.7596
12086005901,23,0.4930189549922943,0.7978
12086016800,23,0.4930446147918701,0.7907
12086005902,23,0.4930693805217743,0.8911
12011091802,23,0.493106871843338,0.7939
12086008424,23,0.4931095540523529,0.8523
12099003201,23,0.4931477010250091,0.9174
12011042900,23,0.4931497275829315,0.8937
12086009063,23,0.4931525588035583,0.8134
12086008808,23,0.4932011663913727,0.8485
12086008308,23,0.4932019114494324,0.788
12086008313,23,0.4932215809822082,0.9521
12081000704,23,0.4932273626327514,0.9968
12086005503,23,0.4932288825511932,0.9254
12031010900,23,0.4932330548763275,0.8144
12086005201,23,0.4932351410388946,0.9318
12086000413,23,0.4932456612586975,0.7783
12097040904,23,0.4932543039321899,0.7935
12011080403,23,0.4932571947574615,0.9544
12011070104,23,0.4932737350463867,0.911
12081000703,23,0.4932868480682373,0.9536
12086008310,23,0.4933233261108398,0.7951
12031011300,23,0.4933763742446899,0.8487
12115000406,23,0.4933896064758301,0.7893
12086005600,23,0.4934003949165344,0.7913
12115000102,23,0.493561327457428,0.783
12031011400,23,0.4935713410377502,0.9006
12011042801,23,0.4935859143733978,0.8562
12011060802,23,0.493630588054657,0.8499
12011042802,23,0.4936637580394745,0.8826
12081000103,23,0.49367555975914,0.8742
12086000211,23,0.4936997294425964,0.8055
12086005406,23,0.4937210977077484,0.9888
12086008312,23,0.4937461614608764,0.7538
12086005403,23,0.4937951564788818,0.9598
12103021200,23,0.4937990009784698,0.9856
12086014800,23,0.4938482940196991,0.9582
12086005806,23,0.4938613176345825,0.7554
12086005804,23,0.4938666820526123,0.9606
12011042700,23,0.4938729703426361,0.8617
12031011200,23,0.4939208924770355,0.8746
12011041300,23,0.4939211010932922,0.8899
12011070324,23,0.4939334392547607,0.8369
12099006203,23,0.4939799308776855,0.816
12086000212,23,0.4940058588981628,0.9538
12086005405,23,0.4940448701381683,0.8767
12086016900,23,0.4940945506095886,0.7988
12011020314,23,0.4941211640834808,0.874
12086005506,23,0.49414724111557,0.8803
12011100502,23,0.4941710531711578,0.9355
12031011600,23,0.4941923022270202,0.7625
12011060203,23,0.4941993057727813,0.975
12011091602,23,0.4942161738872528,0.9375
12011031001,23,0.4942293465137481,0.8341
12115000200,23,0.4942330718040466,0.8892
12086004904,23,0.4942477345466614,0.8625
12011060501,23,0.4942608475685119,0.8876
12086005505,23,0.4942672550678253,0.9091
12011020311,23,0.4942801296710968,0.7582
12086008208,23,0.4943197965621948,0.7677
12011020302,23,0.4943221807479858,0.8828
12011020324,23,0.4943283200263977,0.8426
12086009101,23,0.4943440854549408,0.9164
12086009020,23,0.4943764805793762,0.8379
12103028700,23,0.494378000497818,0.7876
12011020308,23,0.4943803250789642,0.9452
12099001004,23,0.4943828880786896,0.8497
12011041400,23,0.4943935573101043,0.9434
12086009022,23,0.4943936169147491,0.7915
12011070204,23,0.4944260418415069,0.7602
12011030202,23,0.4944365322589874,0.9004
12086004903,23,0.4944374561309814,0.8197
12086005701,23,0.4944465458393097,0.8893
12086001301,23,0.4944469630718231,0.8529
12011060404,23,0.4944616854190826,0.8692
12011060304,23,0.4944705665111542,0.9176
12011091702,23,0.4944914281368255,0.7615
12011020209,23,0.4944995939731598,0.8613
12011020103,23,0.494505763053894,0.7856
12086005707,23,0.4945238530635834,0.8822
12086000405,23,0.4945300221443176,0.8748
12011030602,23,0.4945412278175354,0.8432
12011041602,23,0.4945475161075592,0.8947
12011090504,23,0.4945608079433441,0.9442
12086005708,23,0.4945646524429321,0.9542
12011030402,23,0.4945706129074096,0.9702
12011030806,23,0.4945850670337677,0.8077
12011030804,23,0.4945946931838989,0.9935
12011020502,23,0.4946170449256897,0.8951
12011020416,23,0.4946235716342926,0.7627
12011050206,23,0.4946314990520477,0.8059
12011020501,23,0.4946553111076355,0.885
12011100501,23,0.4946585595607757,0.9738
12011041100,23,0.4946653246879577,0.9793
12011030601,23,0.4946656823158264,0.9686
12011030703,23,0.4946796298027038,0.7931
12086006603,23,0.4946834743022918,0.8878
12011030500,23,0.4947075843811035,0.9809
12011020407,23,0.4947110712528229,0.8682
12099004101,23,0.4947482049465179,0.8771
12011030803,23,0.4947529733181,1.0
12115000300,23,0.4947556555271148,0.9846
12086009705,23,0.4947609305381775,0.7546
12011030203,23,0.4947640001773834,0.8037
12011010614,23,0.4947671592235565,0.7775
12099006201,23,0.4947747588157654,0.8566
12011041601,23,0.4947748184204101,0.9351
12099001002,23,0.4947896301746368,0.9531
12011030201,23,0.4947958290576935,0.915
12011060401,23,0.4948091804981231,0.9791
12011070601,23,0.4948095381259918,0.8921
12011041500,23,0.4948116838932037,0.9929
12011030302,23,0.4948300123214721,0.8661
12099003902,23,0.494844913482666,0.8349
12011020412,23,0.494846373796463,0.945
12011040300,23,0.4948581755161285,0.8223
12011010800,23,0.4948724210262298,0.7882
12086005705,23,0.4949326813220978,0.8988
12011010405,23,0.4949427247047424,0.8868
12011030301,23,0.4949454069137573,0.9404
12086005706,23,0.4949524104595184,0.9335
12086000124,23,0.4949526488780975,0.9142
12099006700,23,0.4949536323547363,0.7811
12086008810,23,0.4949602484703064,0.7661
12011010702,23,0.4949665665626526,0.9085
12031011800,23,0.4949729144573211,0.8949
12103021600,23,0.494996577501297,0.8249
12011060405,23,0.4950013756752014,0.9266
12011041200,23,0.4950164258480072,0.9203
12086000206,23,0.4950311183929443,0.9406
12086000224,23,0.4950329065322876,0.7744
12011010701,23,0.4950332641601562,0.9535
12031010402,23,0.4950335025787353,0.8258
12099003300,23,0.4950337409973144,0.7738
12031014331,23,0.4950353801250458,0.8018
12031012000,23,0.4950389862060547,0.7746
12011010407,23,0.4950577020645141,0.7874
12099007732,23,0.495059609413147,0.9126
12086003001,23,0.4950658679008484,0.9787
12031011500,23,0.4950747489929199,0.9848
12011060302,23,0.4951016306877136,0.9333
12081000309,23,0.4951079487800598,0.9166
12086005002,23,0.4951168298721313,0.9172
12081000604,23,0.4951267540454864,0.8895
12031012601,23,0.4951375126838684,0.8702
12011060111,23,0.4951406121253967,0.8071
12086001208,23,0.4951492249965668,0.841
12086001209,23,0.4951510727405548,0.9464
12011060130,23,0.4951876699924469,0.8101
12031012100,23,0.4952173829078674,0.8536
12011091601,23,0.4952198266983032,0.759
12011060105,23,0.4952209889888763,0.7927
12011041000,23,0.4952290654182434,0.9389
12086009026,23,0.4952342212200165,0.8205
12011091100,23,0.4952464997768402,0.971
12031012202,23,0.4952554404735565,0.8647
12011050100,23,0.4952660202980041,0.8377
12011020405,23,0.4952854514122009,0.8495
12086000612,23,0.4952884912490845,0.7789
12086009015,23,0.4952954351902008,0.883
12011041700,23,0.495311290025711,0.9105
12011060206,23,0.4953214824199676,0.8501
12031012602,23,0.4953271448612213,0.9613
12011060128,23,0.495337039232254,0.8521
12086000228,23,0.4953400790691376,0.8535
12011060402,23,0.4953466355800628,0.9448
12086005103,23,0.4953665733337402,0.9773
12031002701,23,0.495366632938385,0.7536
12011050208,23,0.4953702688217163,0.9921
12011091701,23,0.495372474193573,0.8387
12011060303,23,0.4953733086585998,0.9742
12031011100,23,0.4953820705413818,0.8274
12099006802,23,0.4953846633434295,0.8976
12011050308,23,0.4953921437263489,0.9093
12086009027,23,0.4953943192958832,0.8063
12011060107,23,0.4954124987125397,0.7594
12031002702,23,0.4954148530960083,0.8694
12011100600,23,0.4954442977905273,0.7963
12086000213,23,0.4954476356506347,0.7621
12031002801,23,0.4954497814178467,0.8663
12086000223,23,0.4954524934291839,0.9509
12011060115,23,0.4954527616500854,0.8178
12011060207,23,0.4954558610916137,0.8438
12011050312,23,0.4955005347728729,0.9609
12011040901,23,0.4955029785633087,0.8909
12011010304,23,0.4955124258995056,0.9607
12086009806,23,0.495521068572998,0.7671
12086017800,23,0.4955225586891174,0.8905
12011100700,23,0.495534598827362,0.983
12081000705,23,0.4955598413944244,0.9428
12086000220,23,0.4955625832080841,0.9675
12011050309,23,0.4955690801143646,0.9882
12011060305,23,0.4955816864967346,0.785
12086009021,23,0.4955825507640838,0.8763
12011050313,23,0.4955829679965973,0.9957
12011050800,23,0.4955850839614868,0.9657
12031012702,23,0.4955871105194092,0.8152
12011050314,23,0.4956001937389374,0.9525
12115001102,23,0.4956037998199463,0.8963
12011060117,23,0.4956181049346924,0.87
12086000219,23,0.4956250786781311,0.973
12011050306,23,0.4956388473510742,0.9073
12057004400,23,0.4956449270248413,0.825
12031012500,23,0.4956535995006561,0.8162
12011050207,23,0.495655357837677,0.7868
12011040801,23,0.4956595003604889,0.9239
12099006100,23,0.495665431022644,0.855
12011060124,23,0.4956661760807037,0.9696
12011050311,23,0.4956772625446319,0.9594
12011050301,23,0.4956818222999573,0.9229
12011050315,23,0.4956856966018677,0.931
12086005102,23,0.4956865310668945,0.9264
12086004901,23,0.4957092404365539,0.897
12095015001,23,0.4957140386104584,0.8824
12011050702,23,0.4957207441329956,0.9558
12011050701,23,0.4957288205623626,0.9179
12086000218,23,0.4957572817802429,0.9884
12011100804,23,0.4957581758499145,0.987
12011070504,23,0.4957673847675323,0.9679
12086000227,23,0.4957813322544098,0.94
12086000215,23,0.4957985579967499,0.8564
12031012704,23,0.4958722293376922,0.9302
12011091400,23,0.4958770871162414,0.8558
12011090601,23,0.4958835542201996,0.8312
12031002501,23,0.4958968460559845,0.7574
12086009602,23,0.4959021806716919,0.9144
12011100803,23,0.4959155619144439,0.871
12103020800,23,0.4959188401699066,0.7899
12099003700,23,0.4959188997745514,0.8712
12011091202,23,0.495921641588211,0.8219
12099007767,23,0.4959241151809692,0.8493
12086000306,23,0.4959361851215362,0.9771
12031002901,23,0.4959476292133331,0.9357
12057013802,23,0.4959524869918823,0.7968
12011040702,23,0.4959596395492553,0.7826
12086009323,23,0.4959726631641388,0.7767
12086000309,23,0.4959856867790222,0.9972
12057011610,23,0.495990514755249,0.8852
12086000311,23,0.4960268139839172,0.9866
12095017402,23,0.4960304498672485,0.927
12011100801,23,0.4960455298423767,0.9249
12086000310,23,0.4960466921329498,0.9343
12099002005,23,0.4960671067237854,0.858
12086009908,23,0.4960799515247345,0.9391
12011091500,23,0.4961070120334625,0.9158
12031002802,23,0.4961084723472595,0.9493
12031001401,23,0.496149867773056,0.8631
12086005004,23,0.4961604177951813,0.942
12011110313,23,0.4962285161018371,0.756
12086002600,23,0.4962427318096161,0.854
12086005104,23,0.4962434768676758,0.9385
12081000105,23,0.4962441921234131,0.9982
12086009906,23,0.4962585568428039,0.8012
12057004500,23,0.496271014213562,0.9059
12031002600,23,0.4963120818138122,0.9051
12086000312,23,0.4963134825229645,0.9456
12086009909,23,0.4963196516036987,0.8728
12086001101,23,0.49632129073143,0.8446
12011010305,23,0.4963563978672027,0.943
12086009505,23,0.4963679909706116,0.8327
12086000308,23,0.4963909387588501,0.799
12086009506,23,0.496414452791214,0.9489
12086002201,23,0.4964343011379242,0.9032
12031002902,23,0.4964792728424072,0.916
12099006801,23,0.4965191781520843,0.9469
12097042100,23,0.4965734183788299,0.8882
12057002500,23,0.496586412191391,0.9215
12086003004,23,0.4965915977954864,0.9193
12031001402,23,0.4965924918651581,0.8199
12086000307,23,0.4966117143630981,0.9026
12081000106,23,0.4966610968112945,0.8907
12057011905,23,0.4967157542705536,0.8227
12086002004,23,0.4967282712459564,0.9755
12086009504,23,0.496729165315628,0.7607
12095012303,23,0.4967335760593414,0.8118
12086011702,23,0.4967350959777832,0.9369
12011110341,23,0.4967527389526367,0.9079
12086009904,23,0.4967582821846008,0.9517
12057005302,23,0.4967696964740753,0.8268
12086011601,23,0.4967803955078125,0.7961
12097042300,23,0.4967949986457824,0.9213
12099005702,23,0.4968278408050537,0.8584
12086001402,23,0.4968634843826294,0.9099
12086000414,23,0.4968816339969635,0.9367
12099006007,23,0.4969024658203125,0.7925
12086005003,23,0.4969032406806946,0.9631
12086004204,23,0.4969076514244079,0.8684
12057011911,23,0.4969418048858642,0.9509
12086003006,23,0.4969630539417267,0.9783
12031001500,23,0.4969712793827057,0.8791
12086009903,23,0.4969830214977264,0.8941
12011110351,23,0.4969885349273681,0.7844
12081000307,23,0.4969941973686218,0.9748
12086001103,23,0.497042715549469,0.7576
12011110339,23,0.4970456659793854,0.7645
12081001002,23,0.4970693588256836,0.7523
12099004007,23,0.4970755875110626,0.9347
12086003005,23,0.4970869123935699,0.8787
12081000310,23,0.4970896244049072,0.8604
12086002001,23,0.4970978796482086,0.9949
12086000410,23,0.4971705675125122,0.9063
12086010025,23,0.4972587525844574,0.7647
12086001006,23,0.4972732663154602,0.9945
12099003400,23,0.4972738027572632,0.7653
12086004404,23,0.4972796142101288,0.9306
12086000409,23,0.4973055720329284,0.8235
12099005704,23,0.4973325729370117,0.8903
12086002900,23,0.4973590075969696,0.9893
12086001401,23,0.4974325001239776,0.9925
12086002202,23,0.4974342584609985,0.8641
12011010202,23,0.4974472522735595,0.7617
12099004102,23,0.497457206249237,0.8923
12086010023,23,0.4975024163722992,0.8799
12103024403,23,0.4975115656852722,0.7755
12099004008,23,0.4975219964981079,0.9245
12086000411,23,0.4975330233573913,0.9134
12011010307,23,0.4975548684597015,0.9292
12086004704,23,0.4975738227367401,0.7503
12099002006,23,0.497574895620346,0.9669
12031000102,23,0.4975901842117309,0.8245
12095011702,23,0.4976278841495514,0.8039
12057013501,23,0.4976476728916168,0.9325
12086009102,23,0.4976556599140167,0.9744
12086001005,23,0.4976737797260284,0.9876
12095011600,23,0.4976765513420105,0.9156
12081000304,23,0.4976884722709656,0.9874
12095018300,23,0.4977017641067505,0.8872
12103022902,23,0.4977149963378906,0.7529
12086009065,23,0.4977167546749115,0.8393
12086002003,23,0.4977255165576935,0.9905
12095010400,23,0.4977438747882843,0.9761
12057004300,23,0.4977448880672455,0.9312
12057011802,23,0.4977478384971618,0.8306
12099004011,23,0.4977596402168274,0.8619
12086010026,23,0.4977981746196747,0.9223
12086002402,23,0.4978070259094238,0.9822
12086000408,23,0.4978173077106476,0.9923
12086010020,23,0.4978246390819549,0.8416
12081000203,23,0.4978454411029815,0.868
12095014605,23,0.4978477358818054,0.7777
12095014601,23,0.4978509247303009,0.9623
12095018700,23,0.4978978037834167,0.9523
12031013525,23,0.4979631900787353,0.8371
12095012304,23,0.4979656040668487,0.9095
12095014608,23,0.4979799687862396,0.889
12095014502,23,0.4979826807975769,0.9629
12099005703,23,0.4979882538318634,0.9061
12095012000,23,0.4979896545410156,0.9964
12081000305,23,0.4980142712593078,0.9454
12086001008,23,0.4980262517929077,0.9075
12031001600,23,0.4980360865592956,0.9688
12095012403,23,0.4980401694774627,0.9897
12095014301,23,0.4980408251285553,0.7945
12031001300,23,0.4980408847332001,0.9235
12095014503,23,0.498049259185791,0.9408
12095018901,23,0.4980654120445251,0.813
12103024603,23,0.4980686008930206,0.9497
12099001921,23,0.498148113489151,0.8043
12095014302,23,0.498185932636261,0.9617
12095014609,23,0.4982136189937591,0.8515
12086002502,23,0.4982549250125885,0.9994
12095012100,23,0.4982605576515198,0.9785
12095016906,23,0.4982711374759674,0.8639
12095012402,23,0.4983013868331909,0.972
12099007833,23,0.498308926820755,0.9499
12086002501,23,0.4983123540878296,0.9714
12095014701,23,0.4983245432376861,0.9503
12086001901,23,0.4983322322368622,0.9708
12057011804,23,0.4983347356319427,0.8556
12095016907,23,0.49833744764328,0.9872
12086009040,23,0.4983578324317932,0.7619
12086010015,23,0.4983616769313812,0.9014
12095014703,23,0.498365044593811,0.7728
12086001704,23,0.4983726143836975,0.9844
12095012307,23,0.4983842372894287,0.9071
12095013701,23,0.4983983337879181,0.7909
12095014606,23,0.4984018802642822,0.8572
12095012404,23,0.4984077513217926,0.8805
12031013523,23,0.4984093308448791,0.8034
12095014908,23,0.4984104037284851,0.8819
12086014701,23,0.4984179437160492,0.7793
12095014702,23,0.4984354078769684,0.829
12099005601,23,0.4984417259693146,0.8454
12095012202,23,0.4984460771083832,0.9584
12086001007,23,0.4984570741653442,0.9412
12086009044,23,0.4984602928161621,0.7568
12095016904,23,0.4984634816646576,0.9501
12095012306,23,0.4984704554080963,0.8363
12011110354,23,0.4984875321388244,0.9294
12086000416,23,0.4985188245773315,0.9645
12086002300,23,0.4985203444957733,0.8708
12031013402,23,0.4985344111919403,0.8568
12099005812,23,0.4985347986221313,0.8099
12086002404,23,0.4985350370407104,0.9961
12086001705,23,0.4985522329807281,0.8471
12086001904,23,0.498570829629898,0.9625
12086009326,23,0.4985774755477905,0.9458
12086001004,23,0.4985781908035278,0.9359
12095014201,23,0.4985876679420471,0.814
12099006908,23,0.4986145794391632,0.7974
12095012305,23,0.4986176788806915,0.9615
12095012201,23,0.4986230134963989,0.9901
12095016908,23,0.498635321855545,0.8264
12097042201,23,0.498652696609497,0.9627
12086002403,23,0.498654305934906,0.9529
12095016909,23,0.4986902177333832,0.8596
12103024703,23,0.4987075328826904,0.7779
12086001501,23,0.4987134635448456,0.9207
12086001608,23,0.4987529814243316,0.8511
12086000718,23,0.4987789392471313,0.8915
12086001605,23,0.498813658952713,0.9801
12086001903,23,0.4988249838352203,0.974
12095016910,23,0.498865932226181,0.8156
12095016902,23,0.4989271461963653,0.9578
12086001606,23,0.4989343881607055,0.9304
12086000807,23,0.4989933967590332,0.9586
12086001607,23,0.4989948272705078,0.8704
12086001802,23,0.4990091323852539,0.9103
12086001502,23,0.4990617334842682,0.9682
12086001603,23,0.4990659058094024,0.9041
12086001803,23,0.4990785419940948,0.8988
12086000808,23,0.4990856647491455,0.985
12095016911,23,0.4990878105163574,0.817
12086001702,23,0.4990991652011871,0.9767
12086004403,23,0.4991075396537781,0.9118
12103024702,23,0.4991103708744049,0.7521
12086000712,23,0.4991213083267212,0.9655
12099001101,23,0.4991238117218017,0.8953
12086001701,23,0.4991350173950195,0.9533
12099006911,23,0.4991368055343628,0.8633
12095015202,23,0.4991376996040344,0.903
12031017200,23,0.4991410374641418,0.93
12086000804,23,0.4991685748100281,0.9055
12057004200,23,0.4991687536239624,0.8142
12086000905,23,0.4991784989833832,0.7848
12095014904,23,0.4992032945156097,0.9519
12095014805,23,0.4992212355136871,0.9081
12086001801,23,0.4992675185203552,0.959
12086000805,23,0.4993337988853454,0.8957
12086000908,23,0.4994874596595764,0.754
12086000903,23,0.4994983375072479,0.9692
12099004817,23,0.49951171875,0.9199
12103024804,23,0.4995224177837372,0.8065
12086000904,23,0.4995950162410736,0.8321
12103024701,23,0.4996021687984466,0.8817
12103025018,23,0.499625951051712,0.946
12103025019,23,0.4996752440929413,0.7716
12086000806,23,0.4996989369392395,0.9864
12086000611,23,0.4997160732746124,0.9012
12086000710,23,0.4997285902500152,0.9984
12086000605,23,0.4997967779636383,0.7838
12057002900,23,0.4998559057712555,0.7813
12086000609,23,0.4998843967914581,0.9781
12099003202,23,0.4999233484268188,0.7519
12086000711,23,0.4999527931213379,0.9661
12086000610,23,0.4999774098396301,0.94
